{
	"class_name" : "PinholeCameraParameters",
	"extrinsic" : 
	[
		-0.64441586703479636,
		-0.49593767356874097,
		0.58204296598190819,
		0.0,
		0.54123729837118573,
		-0.83351526090947081,
		-0.11097070191215813,
		0.0,
		0.54017624639153838,
		0.24351208135581656,
		0.80555042614854744,
		0.0,
		-2.1903321452142395,
		-1.0482382046011718,
		2.8068684296713493,
		1.0
	],
	"intrinsic" : 
	{
		"height" : 720,
		"intrinsic_matrix" : 
		[
			623.53829072479584,
			0.0,
			0.0,
			0.0,
			623.53829072479584,
			0.0,
			639.5,
			359.5,
			1.0
		],
		"width" : 1280
	},
	"version_major" : 1,
	"version_minor" : 0
}