{
	"class_name" : "PinholeCameraParameters",
	"extrinsic" : 
	[
		0.80370938347365095,
		-0.15254286234776668,
		0.57513642039359181,
		0.0,
		0.27039079626105056,
		0.95464709714701734,
		-0.12465046011181932,
		0.0,
		-0.53003777621384607,
		0.25569433911513079,
		0.80850501589709234,
		0.0,
		1.4116490159903046,
		-1.8116423456699167,
		2.8027629279690998,
		1.0
	],
	"intrinsic" : 
	{
		"height" : 720,
		"intrinsic_matrix" : 
		[
			623.53829072479584,
			0.0,
			0.0,
			0.0,
			623.53829072479584,
			0.0,
			639.5,
			359.5,
			1.0
		],
		"width" : 1280
	},
	"version_major" : 1,
	"version_minor" : 0
}